Edges,Nodes,Detector,RSSMemoryMB,PeakMemoryMB,PythonAllocMB
10000,1600,Rule Engine,385.53,4.14,0.0
10000,1600,GraphSAGE Inference,404.23,15.61,0.0
25000,4000,Rule Engine,411.57,4.23,0.0
25000,4000,GraphSAGE Inference,430.64,16.07,0.0
50000,8000,Rule Engine,440.47,7.98,0.0
50000,8000,GraphSAGE Inference,474.04,27.65,0.0
100000,16000,Rule Engine,492.77,15.85,0.0
100000,16000,GraphSAGE Inference,552.12,54.17,0.0
250000,40000,Rule Engine,607.19,100.17,0.0
250000,40000,GraphSAGE Inference,638.39,57.92,0.0
500000,80000,Rule Engine,774.21,90.3,0.0
500000,80000,GraphSAGE Inference,794.21,115.82,0.0
1000000,160000,Rule Engine,1191.23,416.5,0.0
1000000,160000,GraphSAGE Inference,1179.02,231.64,0.0
