Edges,Nodes,Detector,DetectorTimeSec,ThroughputEPS
10000,1600,Rule Engine,0.265212,37705.64
10000,1600,GraphSAGE Inference,0.010681,936270.37
25000,4000,Rule Engine,0.687854,36344.92
25000,4000,GraphSAGE Inference,0.016382,1526067.15
50000,8000,Rule Engine,1.453607,34397.2
50000,8000,GraphSAGE Inference,0.029876,1673611.21
100000,16000,Rule Engine,3.016758,33148.17
100000,16000,GraphSAGE Inference,0.060982,1639841.27
250000,40000,Rule Engine,7.886976,31697.83
250000,40000,GraphSAGE Inference,0.202354,1235457.47
500000,80000,Rule Engine,16.281749,30709.23
500000,80000,GraphSAGE Inference,0.385133,1298252.72
1000000,160000,Rule Engine,33.686915,29685.12
1000000,160000,GraphSAGE Inference,0.881475,1134462.47
