variant,mean,std
all_rules,0.8048056201634507,0.06265224024232831
without_structural,0.3284672690563294,0.07305401142392128
without_temporal,0.7982608695652174,0.0054996133220319675
without_semantic,0.8048056201634507,0.06265224024232831
loo_ReadWriteConsistencyRule,0.5172708653353815,0.11356649552082082
loo_NetworkConsistencyRule,0.7455199768471094,0.08443163637275401
loo_SpawnConsistencyRule,0.7416736347213926,0.09032585807382854
loo_SequenceMonotonicityRule,0.7802333926527474,0.08629333954433459
loo_UnspawnedProcessRule,0.8048056201634507,0.06265224024232831
