detector,metric,mean,ci_low,ci_high
RuleEngine,precision,0.7145983045087905,0.6467821142562971,0.7824144947612839
RuleEngine,recall,0.9328571428571429,0.8878812435263634,0.9778330421879224
RuleEngine,f1,0.8048056201634507,0.7599869074315679,0.8496243328953335
RuleEngine,balanced_accuracy,0.9484407665505227,0.9266657198815491,0.9702158132194962
RuleEngine,mcc,0.7953546196132202,0.7494497821528241,0.8412594570736163
RuleEngine,specificity,0.9640243902439023,0.9516101131309853,0.9764386673568193
RuleEngine,roc_auc,0.9528455284552846,0.9305592163880703,0.9751318405224989
RuleEngine,pr_auc,0.7403173057814314,0.6834054460883612,0.7972291654745016
GraphSAGE,precision,0.3415584415584415,0.1202632436430191,0.5628536394738639
GraphSAGE,recall,0.5016666666666666,0.24151859294487305,0.7618147403884601
GraphSAGE,f1,0.322436974789916,0.18350566150108488,0.46136828807874714
GraphSAGE,balanced_accuracy,0.6948679547576605,0.5927196528656622,0.7970162566496588
GraphSAGE,mcc,0.31205120932955066,0.1700590652791829,0.4540433533799184
GraphSAGE,specificity,0.8880692428486545,0.8097685157620308,0.9663699699352782
GraphSAGE,roc_auc,0.8289261310584839,0.7148389430199289,0.9430133190970389
GraphSAGE,pr_auc,0.5908933431632672,0.41597439657740276,0.7658122897491317
