Attack,Seed,TP,FP,TN,FN,Precision,Recall,F1,Accuracy,FalsePositiveRate,FalseNegativeRate,Specificity,BalancedAccuracy,Runtime
all,1,17,4,160,3,0.809524,0.85,0.829268,0.961957,0.02439,0.15,0.97561,0.912805,0.002268
all,7,14,1,163,6,0.933333,0.7,0.8,0.961957,0.006098,0.3,0.993902,0.846951,0.001913
all,13,13,5,159,7,0.722222,0.65,0.684211,0.934783,0.030488,0.35,0.969512,0.809756,0.001912
all,21,18,6,158,2,0.75,0.9,0.818182,0.956522,0.036585,0.1,0.963415,0.931707,0.001901
all,42,13,3,161,7,0.8125,0.65,0.722222,0.945652,0.018293,0.35,0.981707,0.815854,0.002057
all,99,17,3,161,3,0.85,0.85,0.85,0.967391,0.018293,0.15,0.981707,0.915854,0.001906
all,123,15,2,162,5,0.882353,0.75,0.810811,0.961957,0.012195,0.25,0.987805,0.868902,0.001927
all,256,18,5,159,2,0.782609,0.9,0.837209,0.961957,0.030488,0.1,0.969512,0.934756,0.001929
all,512,15,6,158,5,0.714286,0.75,0.731707,0.940217,0.036585,0.25,0.963415,0.856707,0.001887
all,1024,18,5,159,2,0.782609,0.9,0.837209,0.961957,0.030488,0.1,0.969512,0.934756,0.001919
