Attack,Seed,GraphLoadingTime,AttackInjectionTime,RuleEngineRuntime,EvaluationRuntime,TotalRuntime
all,1,0.00037,0.000413,0.001482,1e-06,0.002268
all,7,0.000292,0.00037,0.001249,1e-06,0.001913
all,13,0.000291,0.000375,0.001245,1e-06,0.001912
all,21,0.000286,0.000364,0.00125,0.0,0.001901
all,42,0.000313,0.000354,0.001389,0.0,0.002057
all,99,0.000288,0.000376,0.001241,0.0,0.001906
all,123,0.000289,0.00037,0.001268,0.0,0.001927
all,256,0.000287,0.00037,0.001271,0.0,0.001929
all,512,0.000281,0.000376,0.001228,0.0,0.001887
all,1024,0.00031,0.000369,0.00124,0.0,0.001919
