Threshold,Precision,Recall,F1,Accuracy,FalsePositiveRate,FalseNegativeRate,Specificity,BalancedAccuracy,MCC
0.05,0.092593,1.0,0.169492,0.178771,0.896341,0.0,0.103659,0.551829,0.097969
0.1,0.111111,1.0,0.2,0.329609,0.731707,0.0,0.268293,0.634146,0.172657
0.15,0.128205,1.0,0.227273,0.430168,0.621951,0.0,0.378049,0.689024,0.220154
0.2,0.140187,1.0,0.245902,0.486034,0.560976,0.0,0.439024,0.719512,0.248084
0.25,0.16129,1.0,0.277778,0.564246,0.47561,0.0,0.52439,0.762195,0.290825
0.3,0.179487,0.933333,0.301075,0.636872,0.390244,0.066667,0.609756,0.771545,0.303481
0.35,0.190476,0.8,0.307692,0.698324,0.310976,0.2,0.689024,0.744512,0.283726
0.4,0.229167,0.733333,0.349206,0.77095,0.22561,0.266667,0.77439,0.753862,0.317569
0.45,0.243902,0.666667,0.357143,0.798883,0.189024,0.333333,0.810976,0.738821,0.314948
0.5,0.3125,0.666667,0.425532,0.849162,0.134146,0.333333,0.865854,0.76626,0.385097
0.55,0.416667,0.666667,0.512821,0.893855,0.085366,0.333333,0.914634,0.79065,0.472712
0.6,0.45,0.6,0.514286,0.905028,0.067073,0.4,0.932927,0.766463,0.468729
0.65,0.533333,0.533333,0.533333,0.921788,0.042683,0.466667,0.957317,0.745325,0.49065
0.7,0.7,0.466667,0.56,0.938547,0.018293,0.533333,0.981707,0.724187,0.540959
0.75,0.75,0.4,0.521739,0.938547,0.012195,0.6,0.987805,0.693902,0.520041
0.8,0.75,0.4,0.521739,0.938547,0.012195,0.6,0.987805,0.693902,0.520041
0.85,0.666667,0.266667,0.380952,0.927374,0.012195,0.733333,0.987805,0.627236,0.391749
0.9,0.8,0.266667,0.4,0.932961,0.006098,0.733333,0.993902,0.630285,0.438158
0.95,1.0,0.2,0.333333,0.932961,0.0,0.8,1.0,0.6,0.431699
1.0,0.0,0.0,0.0,0.916201,0.0,1.0,1.0,0.5,0.0
