detector,metric,mean,std,median,min,max,ci95_low,ci95_high,n
Rule Engine,precision,0.7145983045087905,0.0948004970476575,,,,,,10
Rule Engine,recall,0.9328571428571429,0.06287197195608517,,,,,,10
Rule Engine,f1,0.8048056201634507,0.06265224024232831,,,,,,10
Rule Engine,accuracy,0.9614336827568891,0.01545066741728941,,,,,,10
Rule Engine,balanced_accuracy,0.9484407665505227,0.03043941630706298,,,,,,10
Rule Engine,mcc,0.7953546196132202,0.06417053791926144,,,,,,10
Rule Engine,fpr,0.03597560975609756,0.017353962769216715,,,,,,10
Rule Engine,fnr,0.06714285714285714,0.0628719719560852,,,,,,10
Rule Engine,specificity,0.9640243902439023,0.017353962769216705,,,,,,10
Rule Engine,roc_auc,0.9528455284552846,0.031154116052006353,,,,,,10
Rule Engine,pr_auc,0.7403173057814314,0.0795572940137438,,,,,,10
GraphSAGE,precision,0.3415584415584415,0.3093493556410809,,,,,,10
GraphSAGE,recall,0.5016666666666666,0.3636619309193636,,,,,,10
GraphSAGE,f1,0.322436974789916,0.19421258413702713,,,,,,10
GraphSAGE,accuracy,0.8513513513513514,0.07564349380066064,,,,,,10
GraphSAGE,balanced_accuracy,0.6948679547576605,0.14279347978530202,,,,,,10
GraphSAGE,mcc,0.31205120932955066,0.19849133050263804,,,,,,10
GraphSAGE,fpr,0.11193075715134537,0.1094568689182889,,,,,,10
GraphSAGE,fnr,0.49833333333333335,0.36366193091936366,,,,,,10
GraphSAGE,specificity,0.8880692428486545,0.10945686891828887,,,,,,10
GraphSAGE,roc_auc,0.8289261310584839,0.1594828918073428,,,,,,10
GraphSAGE,pr_auc,0.5908933431632672,0.2445198265731673,,,,,,10
