variant,f1_mean,f1_std,roc_auc_mean,roc_auc_std
all_rules,0.8048056201634507,0.06265224024232831,0.9528455284552846,0.031154116052006357
loo_DeleteConsistencyRule,0.8048056201634507,0.06265224024232831,0.9528455284552846,0.031154116052006357
loo_DuplicateEdgeRule,0.8048056201634507,0.06265224024232831,0.9528455284552846,0.031154116052006357
loo_DuplicateEventRule,0.8048056201634507,0.06265224024232831,0.9528455284552846,0.031154116052006357
loo_ExecutionConsistencyRule,0.8048056201634507,0.06265224024232831,0.9528455284552846,0.031154116052006357
loo_MissingNodeRule,0.8048056201634507,0.06265224024232831,0.9528455284552846,0.031154116052006357
loo_NetworkConsistencyRule,0.7455199768471094,0.08443163637275401,0.8983449477351918,0.05116521923112563
loo_ParentChildTemporalRule,0.8169558094961321,0.041178603880652316,0.9482084785133568,0.029408763731968615
loo_ProcessActivityTemporalRule,0.8279704172653037,0.038155745356340726,0.9489024390243902,0.03617787215844507
loo_ReadWriteConsistencyRule,0.5172708653353815,0.11356649552082082,0.7325014518002323,0.07412086209568194
loo_SelfLoopRule,0.8048056201634507,0.06265224024232831,0.9528455284552846,0.031154116052006357
loo_SequenceGapRule,0.8048056201634507,0.06265224024232831,0.9528455284552846,0.031154116052006357
loo_SequenceMonotonicityRule,0.7802333926527474,0.08629333954433459,0.859869337979094,0.03159240792058104
loo_SpawnConsistencyRule,0.7416736347213926,0.09032585807382854,0.895166957026713,0.05760938715056974
loo_TimestampRule,0.8048056201634507,0.06265224024232831,0.9528455284552846,0.031154116052006357
loo_UnspawnedProcessRule,0.8048056201634507,0.06265224024232831,0.9528455284552846,0.031154116052006357
without_semantic,0.8048056201634507,0.06265224024232831,0.9528455284552846,0.031154116052006357
without_structural,0.3284672690563294,0.07305401142392128,0.6203222996515678,0.035939019348667736
without_temporal,0.7982608695652174,0.0054996133220319675,0.8321428571428571,0.0037646162621052005
