detector,metric,mean,std,median,min,max
RuleEngine,precision,0.7145983045087905,0.0948004970476575,0.702020202020202,0.5384615384615384,0.8666666666666667
GraphSAGE,precision,0.34155844155844156,0.3093493556410809,0.2792207792207792,0.0,1.0
RuleEngine,recall,0.9328571428571429,0.06287197195608517,0.9333333333333333,0.8,1.0
GraphSAGE,recall,0.5016666666666667,0.3636619309193636,0.5,0.0,1.0
RuleEngine,f1,0.8048056201634507,0.06265224024232831,0.8116554054054055,0.6829268292682926,0.8749999999999999
GraphSAGE,f1,0.32243697478991595,0.1942125841370271,0.3764705882352941,0.0,0.5714285714285715
RuleEngine,accuracy,0.961433682756889,0.015450667417289411,0.963592994790032,0.9273743016759777,0.9776536312849162
GraphSAGE,accuracy,0.8513513513513514,0.07564349380066064,0.8783783783783784,0.7027027027027027,0.9459459459459459
RuleEngine,balanced_accuracy,0.9484407665505227,0.03043941630706298,0.9517566782810685,0.8817073170731707,0.9847560975609756
GraphSAGE,balanced_accuracy,0.6948679547576606,0.14279347978530202,0.7017992424242424,0.4861111111111111,0.9428571428571428
RuleEngine,mcc,0.7953546196132202,0.06417053791926146,0.8048915796928311,0.6764188791054097,0.8648204955327312
GraphSAGE,mcc,0.31205120932955066,0.19849133050263804,0.36685331565512236,-0.027777777777777776,0.5433581647846062
RuleEngine,fpr,0.035975609756097565,0.017353962769216715,0.03353658536585366,0.012195121951219513,0.07317073170731707
GraphSAGE,fpr,0.1119307571513454,0.10945686891828889,0.08839285714285713,0.0,0.3235294117647059
RuleEngine,fnr,0.06714285714285714,0.0628719719560852,0.06666666666666667,0.0,0.2
GraphSAGE,fnr,0.49833333333333335,0.36366193091936366,0.5,0.0,1.0
RuleEngine,specificity,0.9640243902439025,0.017353962769216705,0.9664634146341463,0.926829268292683,0.9878048780487805
GraphSAGE,specificity,0.8880692428486547,0.10945686891828887,0.9116071428571428,0.6764705882352942,1.0
RuleEngine,roc_auc,0.9528455284552846,0.031154116052006357,0.9536585365853658,0.8853658536585366,0.991869918699187
GraphSAGE,roc_auc,0.8289261310584841,0.1594828918073428,0.8737132352941177,0.53125,1.0
RuleEngine,pr_auc,0.7403173057814314,0.0795572940137438,0.7414406390845546,0.6167597765363129,0.8666666666666667
GraphSAGE,pr_auc,0.5908933431632672,0.2445198265731673,0.5276875901875901,0.19166666666666665,1.0
