metric_or_result,original_reported,corrected,reason,source
Rule Engine ROC-AUC,1.0000,0.9528,fabricated fallback replaced by genuine continuous score,audit/raw_runs/corrected_multiseed.json
"GraphSAGE F1 (synthetic, seed 42)",0.5600,0.3224,test leakage removed (disjoint train/val/test),audit/raw_runs/corrected_multiseed.json
"GraphSAGE F1 (synthetic, 10-seed mean)",0.5876,0.2461,test leakage removed,audit/raw_runs/corrected_multiseed.json
"Mimicry F1 (heavy, Rule Engine)",0.0882,0.8048,detector-visible mimicry=True attribute removed,audit/raw_runs/mimicry/*
Scalability 1M (inference time),15.26,34.48,corrected measurement/protocol,audit/raw_runs/scalability/*
Scalability 1M (peak memory MB),364,971.44,corrected measurement/protocol,audit/raw_runs/scalability/*
DARPA scenarios,4,2,1r/6r unavailable,audit/darpa_audit.md
Tests,103 passing,98 passed / 5 failed,actual test execution,pytest artifact
Synthetic RE F1 (single seed 42),0.6154,0.8048 (10-seed mean),committed single-seed value superseded by multi-seed corrected result,audit/raw_runs/synthetic/*
Synthetic RE F1 (repo seed 42),0.7222,0.8048 (10-seed mean),repo-protocol value superseded by corrected multi-seed result,audit/raw_runs/synthetic/*
