configuration,num_rules,precision_mean,precision_std,recall_mean,recall_std,f1_mean,f1_std,accuracy_mean,accuracy_std
ALL Rules Enabled,15,0.8039435411845899,0.06964390290030999,0.79,0.10219806477837262,0.79208195919379,0.05779914573555814,0.9554347826086957,0.011108485301997035
Without Structural Rules,9,0.7394265529791845,0.08841963539220558,0.545,0.10916348595875208,0.6202739935974231,0.07889748033033313,0.9288043478260869,0.011585707938637311
Without Temporal Rules,11,1.0,0.0,0.615,0.0747217059048663,0.7592451350041484,0.05685978038150519,0.9581521739130435,0.008121924554876772
Without Semantic Rules,10,0.6966802641802642,0.0914666850389847,0.43500000000000005,0.07835106182362107,0.5292672795008724,0.06186901346237864,0.9168478260869566,0.008893433122198237
Without DuplicateEdgeRule,14,0.8039435411845899,0.06964390290030999,0.79,0.10219806477837262,0.79208195919379,0.05779914573555814,0.9554347826086957,0.011108485301997035
Without DuplicateEventRule,14,0.8039435411845899,0.06964390290030999,0.79,0.10219806477837262,0.79208195919379,0.05779914573555814,0.9554347826086957,0.011108485301997035
Without SelfLoopRule,14,0.8039435411845899,0.06964390290030999,0.79,0.10219806477837262,0.79208195919379,0.05779914573555814,0.9554347826086957,0.011108485301997035
Without MissingNodeRule,14,0.8039435411845899,0.06964390290030999,0.79,0.10219806477837262,0.79208195919379,0.05779914573555814,0.9554347826086957,0.011108485301997035
Without UnspawnedProcessRule,14,0.8032082470669428,0.06875725307889353,0.7849999999999999,0.1055409346599171,0.7887786558904868,0.057553253432312844,0.9548913043478262,0.010884651366521607
Without SequenceGapRule,14,0.7568374461795514,0.08759931117350164,0.6,0.11547005383792514,0.6624390178105348,0.08226055688934583,0.9347826086956521,0.013063591577768088
Without TimestampRule,14,0.8039435411845899,0.06964390290030999,0.79,0.10219806477837262,0.79208195919379,0.05779914573555814,0.9554347826086957,0.011108485301997035
Without ParentChildTemporalRule,14,0.8268059352927775,0.06942090177437613,0.77,0.09486832980505137,0.7921252452314145,0.05029673248708745,0.9565217391304349,0.009237354191291283
Without ProcessActivityTemporalRule,14,0.8295655126345665,0.06069324159732013,0.78,0.10055402085998903,0.7997989108355708,0.05723137970140848,0.9581521739130435,0.010263924256677761
Without SequenceMonotonicityRule,14,0.9169257703081233,0.07383279858467824,0.66,0.07378647873726218,0.7636988554635613,0.054743836026554256,0.9559782608695653,0.009039836920199046
Without SpawnConsistencyRule,14,0.7916205320681023,0.0777031312793959,0.74,0.13904435743076138,0.7577291836263843,0.08910809586242113,0.9500000000000002,0.01489478608050325
Without ExecutionConsistencyRule,14,0.8039435411845899,0.06964390290030999,0.79,0.10219806477837262,0.79208195919379,0.05779914573555814,0.9554347826086957,0.011108485301997035
Without ReadWriteConsistencyRule,14,0.7555753856566549,0.08092403559238918,0.6,0.1201850425154663,0.661938091938092,0.08523360681440811,0.9347826086956521,0.013063591577768085
Without NetworkConsistencyRule,14,0.7792742272347536,0.07749773188749079,0.675,0.09204467514322719,0.7181725400900626,0.05616138833308646,0.9429347826086956,0.010640706634484359
Without DeleteConsistencyRule,14,0.8039435411845899,0.06964390290030999,0.79,0.10219806477837262,0.79208195919379,0.05779914573555814,0.9554347826086957,0.011108485301997035
