seed,detector,tp,fp,tn,fn,precision,recall,f1,accuracy,balanced_accuracy,mcc,fpr,fnr,specificity,roc_auc,pr_auc,threshold
1,rule_engine,11,25,139,4,0.3055555555555556,0.7333333333333333,0.43137254901960786,0.8379888268156425,0.7904471544715447,0.4015553404321978,0.1524390243902439,0.26666666666666666,0.8475609756097561,0.7841463414634146,0.23530933167804677,
1,graphsage_clean,4,5,159,11,0.4444444444444444,0.26666666666666666,0.33333333333333337,0.9106145251396648,0.6180894308943089,0.2994765790041312,0.03048780487804878,0.7333333333333333,0.9695121951219512,0.7406504065040651,0.31988468523792,0.9000000000000001
7,rule_engine,12,18,146,3,0.4,0.8,0.5333333333333333,0.88268156424581,0.8451219512195123,0.5120547165475409,0.10975609756097561,0.2,0.8902439024390244,0.8471544715447155,0.3500931098696462,
7,graphsage_clean,6,42,122,9,0.125,0.4,0.19047619047619047,0.7150837988826816,0.5719512195121952,0.09000765394955523,0.25609756097560976,0.6,0.7439024390243902,0.6060975609756097,0.22440975178818054,0.5
13,rule_engine,9,17,147,6,0.34615384615384615,0.6,0.43902439024390244,0.8715083798882681,0.7481707317073171,0.3903154307125261,0.10365853658536585,0.4,0.8963414634146342,0.7585365853658538,0.37198109153416414,
13,graphsage_clean,3,14,150,12,0.17647058823529413,0.2,0.18750000000000003,0.8547486033519553,0.5573170731707318,0.1083426831364861,0.08536585365853659,0.8,0.9146341463414634,0.6398373983739837,0.2313069335933018,0.7500000000000001
21,rule_engine,12,22,142,3,0.35294117647058826,0.8,0.489795918367347,0.8603351955307262,0.8329268292682928,0.47035187999064665,0.13414634146341464,0.2,0.8658536585365854,0.8441056910569106,0.38594745160634086,
21,graphsage_clean,6,23,141,9,0.20689655172413793,0.4,0.2727272727272727,0.8212290502793296,0.6298780487804878,0.19533887227335495,0.1402439024390244,0.6,0.8597560975609756,0.6817073170731707,0.17377594161208348,0.7000000000000001
42,rule_engine,10,21,143,5,0.3225806451612903,0.6666666666666666,0.4347826086956521,0.8547486033519553,0.7693089430894309,0.39439974012446094,0.12804878048780488,0.3333333333333333,0.8719512195121951,0.7837398373983739,0.35029855229170426,
42,graphsage_clean,7,35,129,8,0.16666666666666666,0.4666666666666667,0.2456140350877193,0.7597765363128491,0.6266260162601627,0.16559055598529585,0.21341463414634146,0.5333333333333333,0.7865853658536586,0.6782520325203252,0.24057401971774584,0.6000000000000001
99,rule_engine,9,25,139,6,0.2647058823529412,0.6,0.36734693877551017,0.8268156424581006,0.723780487804878,0.316152270982724,0.1524390243902439,0.4,0.8475609756097561,0.7298780487804879,0.22371563150399826,
99,graphsage_clean,4,10,154,11,0.2857142857142857,0.26666666666666666,0.2758620689655172,0.88268156424581,0.6028455284552845,0.21226430758761228,0.06097560975609756,0.7333333333333333,0.9390243902439024,0.6105691056910569,0.19396548641819628,0.8
123,rule_engine,10,23,141,5,0.30303030303030304,0.6666666666666666,0.41666666666666663,0.8435754189944135,0.7632113821138211,0.3761567132311228,0.1402439024390244,0.3333333333333333,0.8597560975609756,0.7640243902439025,0.23399356695446083,
123,graphsage_clean,6,21,143,9,0.2222222222222222,0.4,0.2857142857142857,0.8324022346368715,0.6359756097560976,0.2105498266361326,0.12804878048780488,0.6,0.8719512195121951,0.7347560975609757,0.24812704691610035,0.5
256,rule_engine,10,22,142,5,0.3125,0.6666666666666666,0.425531914893617,0.8491620111731844,0.766260162601626,0.385096955836596,0.13414634146341464,0.3333333333333333,0.8658536585365854,0.7756097560975609,0.29376629422718803,
256,graphsage_clean,7,57,107,8,0.109375,0.4666666666666667,0.17721518987341772,0.6368715083798883,0.5595528455284553,0.06885907106862593,0.3475609756097561,0.5333333333333333,0.6524390243902439,0.6211382113821138,0.20119833096637268,0.25
512,rule_engine,14,20,144,1,0.4117647058823529,0.9333333333333333,0.5714285714285713,0.88268156424581,0.9056910569105692,0.5731516193292617,0.12195121951219512,0.06666666666666667,0.8780487804878049,0.9121951219512194,0.42754737649249647,
512,graphsage_clean,8,65,99,7,0.1095890410958904,0.5333333333333333,0.18181818181818182,0.5977653631284916,0.5684959349593496,0.07724101723283956,0.39634146341463417,0.4666666666666667,0.6036585365853658,0.5754065040650407,0.24350107578695648,0.3
1024,rule_engine,12,20,144,3,0.375,0.8,0.5106382978723405,0.8715083798882681,0.8390243902439025,0.4903371926224749,0.12195121951219512,0.2,0.8780487804878049,0.8465447154471545,0.3706486654252018,
1024,graphsage_clean,9,34,130,6,0.20930232558139536,0.6,0.3103448275862069,0.776536312849162,0.6963414634146341,0.25468647987200904,0.2073170731707317,0.4,0.7926829268292683,0.7453252032520326,0.35057531115479695,0.2
