edges,detector,metric,mean,std,median,min,max
10000,nodes,nodes,1600.0,0.0,1600.0,1600.0,1600.0
10000,edges,edges,10000.0,0.0,10000.0,10000.0,10000.0
10000,t_construct,t_construct,0.017473936080932617,0.0006493127012397772,0.01746821403503418,0.016588211059570312,0.018351316452026367
10000,t_poison,t_poison,0.02020106315612793,0.0009892604365672863,0.019840002059936523,0.019263267517089844,0.021765708923339844
10000,re_detector,re_detector,0.27564711570739747,0.009502085757538878,0.27535223960876465,0.26621317863464355,0.28568315505981445
10000,re_eval,re_eval,0.0013924598693847655,0.00024313392014206392,0.0013103485107421875,0.0012044906616210938,0.0018155574798583984
10000,re_total,re_total,0.3147145748138428,0.00990467640290296,0.314288854598999,0.30434513092041016,0.32511329650878906
10000,re_rss_mb,re_rss_mb,385.9890625,6.615546856086663,388.86328125,374.20703125,389.55859375
10000,re_peak_mb,re_peak_mb,2.1313268661499025,0.9856634640479972,1.6915273666381836,1.6877212524414062,3.89453125
10000,re_throughput_eps,re_throughput_eps,36312.765379824945,1251.0666379540485,36317.118808289124,35003.813920727196,37563.88038822152
10000,gs_infer,gs_infer,0.006523656845092774,0.0013828883425003472,0.005928993225097656,0.0055696964263916016,0.008948802947998047
10000,gs_eval,gs_eval,0.0026163578033447264,0.001029011734219609,0.002904176712036133,0.0014314651489257812,0.0038328170776367188
10000,gs_total,gs_total,0.046815013885498045,0.0019950568858967768,0.046595096588134766,0.04482388496398926,0.04980039596557617
10000,gs_rss_mb,gs_rss_mb,385.9890625,6.615546856086663,388.86328125,374.20703125,389.55859375
10000,gs_peak_mb,gs_peak_mb,11.03828125,3.0373981223270063,9.765625,9.421875,16.46484375
10000,gs_throughput_eps,gs_throughput_eps,1578286.435238165,268889.7687363121,1686626.990509892,1117467.8957744979,1795429.990154531
10000,gs_train_total,gs_train_total,0.04104781150817871,0.0038681111943177056,0.043187856674194336,0.03518986701965332,0.044405460357666016
10000,gs_train_epoch,gs_train_epoch,0.01368260383605957,0.001289370398105902,0.014395952224731445,0.011729955673217773,0.014801820119222006
25000,nodes,nodes,4000.0,0.0,4000.0,4000.0,4000.0
25000,edges,edges,25000.0,0.0,25000.0,25000.0,25000.0
25000,t_construct,t_construct,0.04988670349121094,0.0037987853725522614,0.04929685592651367,0.046503543853759766,0.0561676025390625
25000,t_poison,t_poison,0.0532127857208252,0.002080592933053913,0.0528867244720459,0.05046510696411133,0.05570268630981445
25000,re_detector,re_detector,0.7043868064880371,0.011247228504184156,0.7037787437438965,0.6894876956939697,0.7210476398468018
25000,re_eval,re_eval,0.004201698303222656,0.0004319903991219036,0.00415802001953125,0.0036766529083251953,0.004872560501098633
25000,re_total,re_total,0.8116879940032959,0.015816898373845534,0.8097591400146484,0.7918901443481445,0.83616042137146
25000,re_rss_mb,re_rss_mb,427.24921875,7.982310478715626,430.38671875,413.66796875,433.9140625
25000,re_peak_mb,re_peak_mb,4.929998397827148,1.5720615331757508,4.227158546447754,4.226609230041504,7.7421875
25000,re_throughput_eps,re_throughput_eps,35499.079164722745,564.9986721012307,35522.52781464716,34671.772873858456,36258.80513333525
25000,gs_infer,gs_infer,0.015190649032592773,0.0017556557125558067,0.014319896697998047,0.0135345458984375,0.017275094985961914
25000,gs_eval,gs_eval,0.00752110481262207,0.0028719291062200046,0.009318828582763672,0.003902435302734375,0.010006427764892578
25000,gs_total,gs_total,0.12581124305725097,0.005837259640261963,0.12493729591369629,0.11846041679382324,0.13449573516845703
25000,gs_rss_mb,gs_rss_mb,427.24921875,7.982310478715626,430.38671875,413.66796875,433.9140625
25000,gs_peak_mb,gs_peak_mb,25.19140625,2.325698714734725,26.3671875,21.1796875,26.76171875
25000,gs_throughput_eps,gs_throughput_eps,1662920.7573340847,185852.58029671205,1745822.6499284073,1447170.0456822668,1847125.1409244644
25000,gs_train_total,gs_train_total,0.10551896095275878,0.004247192692323693,0.10715150833129883,0.09909796714782715,0.1102297306060791
25000,gs_train_epoch,gs_train_epoch,0.03517298698425293,0.0014157308974412318,0.035717169443766274,0.03303265571594238,0.0367432435353597
50000,nodes,nodes,8000.0,0.0,8000.0,8000.0,8000.0
50000,edges,edges,50000.0,0.0,50000.0,50000.0,50000.0
50000,t_construct,t_construct,0.09802141189575195,0.0033194845754707767,0.0975351333618164,0.09512829780578613,0.10313081741333008
50000,t_poison,t_poison,0.11308507919311524,0.0057691944293798295,0.11520218849182129,0.10439372062683105,0.11815023422241211
50000,re_detector,re_detector,1.4664307594299317,0.02187893761362525,1.4600112438201904,1.4398338794708252,1.4936542510986328
50000,re_eval,re_eval,0.007335805892944336,0.0003980172927220437,0.007415056228637695,0.006810188293457031,0.007856369018554688
50000,re_total,re_total,1.6848730564117431,0.025418545400129958,1.6840331554412842,1.6569745540618896,1.7227916717529297
50000,re_rss_mb,re_rss_mb,485.67109375,16.981011141268436,492.4453125,455.55859375,495.796875
50000,re_peak_mb,re_peak_mb,8.599288940429688,1.383527844461381,7.980742454528809,7.980288505554199,11.07421875
50000,re_throughput_eps,re_throughput_eps,34102.456851346986,508.03120476854053,34246.311603171336,33474.949080902305,34726.228291263884
50000,gs_infer,gs_infer,0.0283782958984375,0.003030827182501894,0.027285099029541016,0.02650308609008789,0.033768653869628906
50000,gs_eval,gs_eval,0.014431142807006836,0.005663618358434855,0.017452478408813477,0.007731437683105469,0.020425796508789062
50000,gs_total,gs_total,0.25391592979431155,0.01003185097301257,0.2566063404083252,0.23694539070129395,0.263535737991333
50000,gs_rss_mb,gs_rss_mb,485.67109375,16.981011141268436,492.4453125,455.55859375,495.796875
50000,gs_peak_mb,gs_peak_mb,49.87421875,7.449158015451153,52.35546875,36.69140625,54.9296875
50000,gs_throughput_eps,gs_throughput_eps,1776147.7750995543,166704.7136438781,1832502.0534419182,1480663.108249315,1886572.7496806462
50000,gs_train_total,gs_train_total,0.20513172149658204,0.013860021694487308,0.2080836296081543,0.1862025260925293,0.22384381294250488
50000,gs_train_epoch,gs_train_epoch,0.06837724049886067,0.0046200072314957685,0.06936120986938477,0.062067508697509766,0.07461460431416829
100000,nodes,nodes,16000.0,0.0,16000.0,16000.0,16000.0
100000,edges,edges,100000.0,0.0,100000.0,100000.0,100000.0
100000,t_construct,t_construct,0.2001326560974121,0.005037754340719721,0.2013239860534668,0.19245243072509766,0.20548582077026367
100000,t_poison,t_poison,0.260316801071167,0.021983618502181602,0.2628786563873291,0.22946453094482422,0.2899436950683594
100000,re_detector,re_detector,3.0173901557922362,0.006957403832991512,3.017001152038574,3.007932424545288,3.0255162715911865
100000,re_eval,re_eval,0.01671175956726074,0.0008036156022644812,0.016743898391723633,0.015575408935546875,0.017516613006591797
100000,re_total,re_total,3.4945513725280763,0.021784743715669675,3.4955625534057617,3.46075439453125,3.520878553390503
100000,re_rss_mb,re_rss_mb,560.71171875,9.578557274477676,565.3671875,546.6640625,570.43359375
100000,re_peak_mb,re_peak_mb,17.765962219238283,4.281969013475439,15.851067543029785,15.850834846496582,25.42578125
100000,re_throughput_eps,re_throughput_eps,33141.36400045154,76.44466943041166,33145.49612698372,33052.21027530874,33245.427717717794
100000,gs_infer,gs_infer,0.059702587127685544,0.009165042078252991,0.05679154396057129,0.05104517936706543,0.07500505447387695
100000,gs_eval,gs_eval,0.03403482437133789,0.014637950499427527,0.04038691520690918,0.016776323318481445,0.04675889015197754
100000,gs_total,gs_total,0.5541868686676026,0.02791537046014804,0.5662717819213867,0.5232105255126953,0.5814011096954346
100000,gs_rss_mb,gs_rss_mb,560.71171875,9.578557274477676,565.3671875,546.6640625,570.43359375
100000,gs_peak_mb,gs_peak_mb,53.41484375,20.88700629243817,51.859375,27.0703125,85.58984375
100000,gs_throughput_eps,gs_throughput_eps,1703423.0622097347,233214.72484867767,1760825.521303437,1333243.4820753098,1959048.8512323739
100000,gs_train_total,gs_train_total,0.41973018646240234,0.021612400028829474,0.40878939628601074,0.4038083553314209,0.45667195320129395
100000,gs_train_epoch,gs_train_epoch,0.1399100621541341,0.007204133342943153,0.13626313209533691,0.13460278511047363,0.1522239844004313
250000,nodes,nodes,40000.0,0.0,40000.0,40000.0,40000.0
250000,edges,edges,250000.0,0.0,250000.0,250000.0,250000.0
250000,t_construct,t_construct,0.9078181266784668,0.012262495273256508,0.912839412689209,0.8886654376983643,0.9198312759399414
250000,t_poison,t_poison,0.6796656131744385,0.03539218345619435,0.6909668445587158,0.6407985687255859,0.7168629169464111
250000,re_detector,re_detector,7.932516384124756,0.060478368062911333,7.921665906906128,7.858332395553589,8.007235050201416
250000,re_eval,re_eval,0.04448189735412598,0.002039004953713015,0.04464602470397949,0.042236328125,0.04689311981201172
250000,re_total,re_total,9.564482021331788,0.07383264052444638,9.54812216758728,9.461592197418213,9.656984329223633
250000,re_rss_mb,re_rss_mb,661.00390625,18.03276766996312,672.546875,640.44140625,675.1875
250000,re_peak_mb,re_peak_mb,43.50240898132324,8.932006964856313,39.50825119018555,39.50705623626709,59.48046875
250000,re_throughput_eps,re_throughput_eps,31517.315330474434,240.1767570233047,31559.01838552032,31221.76362160262,31813.365408347363
250000,gs_infer,gs_infer,0.18864264488220214,0.0015238840280325664,0.18857908248901367,0.1865406036376953,0.19031739234924316
250000,gs_eval,gs_eval,0.09949140548706055,0.04148808040574506,0.12369441986083984,0.05045723915100098,0.13843250274658203
250000,gs_total,gs_total,1.875617790222168,0.037434168002415225,1.8786065578460693,1.8204069137573242,1.925347089767456
250000,gs_rss_mb,gs_rss_mb,661.00390625,18.03276766996312,672.546875,640.44140625,675.1875
250000,gs_peak_mb,gs_peak_mb,55.83573532104492,5.421674445581264,57.915510177612305,46.15625,58.59765625
250000,gs_throughput_eps,gs_throughput_eps,1325326.3915181404,10725.931150091568,1325703.7668245344,1313595.1313437286,1340190.7955951372
250000,gs_train_total,gs_train_total,1.2675339698791503,0.023684268522320064,1.2588167190551758,1.2428240776062012,1.3033854961395264
250000,gs_train_epoch,gs_train_epoch,0.4225113232930501,0.007894756174106688,0.4196055730183919,0.4142746925354004,0.4344618320465088
500000,nodes,nodes,80000.0,0.0,80000.0,80000.0,80000.0
500000,edges,edges,500000.0,0.0,500000.0,500000.0,500000.0
500000,t_construct,t_construct,1.7624176025390625,0.024852185006233547,1.760103702545166,1.7321152687072754,1.7960143089294434
500000,t_poison,t_poison,1.4570170402526856,0.06932525232327175,1.4480741024017334,1.3669548034667969,1.5264761447906494
500000,re_detector,re_detector,16.268819570541382,0.1290171612316967,16.315444469451904,16.0959415435791,16.413715600967407
500000,re_eval,re_eval,0.11006455421447754,0.009286846832209294,0.1126399040222168,0.0974273681640625,0.1189565658569336
500000,re_total,re_total,19.598318767547607,0.15986541455590075,19.638201475143433,19.363808155059814,19.740586519241333
500000,re_rss_mb,re_rss_mb,974.875,52.56860062148573,974.55859375,913.578125,1027.140625
500000,re_peak_mb,re_peak_mb,81.75714378356933,5.610196724610483,79.24833393096924,79.24773693084717,91.79296875
500000,re_throughput_eps,re_throughput_eps,30735.187126621935,244.2907548486886,30645.809308852793,30462.328710662594,31063.731105525607
500000,gs_infer,gs_infer,0.3766282558441162,0.007191237442849294,0.3745560646057129,0.3705618381500244,0.38827085494995117
500000,gs_eval,gs_eval,0.21653494834899903,0.0915507819814736,0.27091360092163086,0.11016345024108887,0.2916288375854492
500000,gs_total,gs_total,3.8125978469848634,0.08154566230346655,3.8069581985473633,3.706023931503296,3.935187578201294
500000,gs_rss_mb,gs_rss_mb,974.875,52.56860062148573,974.55859375,913.578125,1027.140625
500000,gs_peak_mb,gs_peak_mb,91.67111282348633,33.70755894073154,115.8228588104248,51.824148178100586,117.0625
500000,gs_throughput_eps,gs_throughput_eps,1327950.4583179466,24974.293538280577,1334913.6411029394,1287760.8340302827,1349302.4605452537
500000,gs_train_total,gs_train_total,2.6677527904510496,0.1182330425601646,2.6214096546173096,2.525495767593384,2.793541669845581
500000,gs_train_epoch,gs_train_epoch,0.88925093015035,0.03941101418672154,0.8738032182057699,0.8418319225311279,0.9311805566151937
1000000,nodes,nodes,160000.0,0.0,160000.0,160000.0,160000.0
1000000,edges,edges,1000000.0,0.0,1000000.0,1000000.0,1000000.0
1000000,t_construct,t_construct,3.836433267593384,0.0932705998020728,3.8632495403289795,3.6803107261657715,3.9193551540374756
1000000,t_poison,t_poison,3.0054399013519286,0.1022554723460864,2.976734161376953,2.9106714725494385,3.164630174636841
1000000,re_detector,re_detector,34.059281778335574,0.250576764132376,34.11339712142944,33.63574767112732,34.255900382995605
1000000,re_eval,re_eval,0.29075303077697756,0.014144258124786348,0.2837843894958496,0.2805335521697998,0.31438255310058594
1000000,re_total,re_total,41.19190797805786,0.3491321857924506,41.31035494804382,40.574487924575806,41.39938521385193
1000000,re_rss_mb,re_rss_mb,1373.29765625,38.59008231955687,1390.55078125,1304.265625,1390.58203125
1000000,re_peak_mb,re_peak_mb,177.06825256347656,34.22989894252606,158.39518070220947,158.39475631713867,237.26171875
1000000,re_throughput_eps,re_throughput_eps,29361.85301061211,217.6263480495059,29313.996388000225,29192.051261813955,29730.274164780727
1000000,gs_infer,gs_infer,0.8425349235534668,0.020277925844842937,0.8426549434661865,0.8098256587982178,0.8620808124542236
1000000,gs_eval,gs_eval,0.49268302917480467,0.22501484501794314,0.6431684494018555,0.21968746185302734,0.6729567050933838
1000000,gs_total,gs_total,8.177091121673584,0.23796015763943607,8.192082405090332,7.934904336929321,8.516146659851074
1000000,gs_rss_mb,gs_rss_mb,1373.29765625,38.59008231955687,1390.55078125,1304.265625,1390.58203125
1000000,gs_peak_mb,gs_peak_mb,182.8378593444824,66.95623982531617,231.63749980926514,103.63884544372559,231.6375560760498
1000000,gs_throughput_eps,gs_throughput_eps,1187454.9483422656,29117.067237751762,1186725.3705135682,1159984.0589806654,1234833.681960635
1000000,gs_train_total,gs_train_total,5.726610088348389,0.1357610203239875,5.691959381103516,5.611515522003174,5.961687326431274
1000000,gs_train_epoch,gs_train_epoch,1.908870029449463,0.04525367344132918,1.8973197937011719,1.8705051740010579,1.9872291088104248
