detector,metric,n,mean,std,median,min,max,ci_low,ci_high
RuleEngine,precision,10,0.7145983045087905,0.0948004970476575,0.702020202020202,0.5384615384615384,0.8666666666666667,0.6467821142562971,0.7824144947612839
RuleEngine,recall,10,0.9328571428571429,0.06287197195608517,0.9333333333333333,0.8,1.0,0.8878812435263634,0.9778330421879224
RuleEngine,f1,10,0.8048056201634507,0.06265224024232831,0.8116554054054055,0.6829268292682926,0.8749999999999999,0.7599869074315679,0.8496243328953335
RuleEngine,accuracy,10,0.9614336827568891,0.01545066741728941,0.963592994790032,0.9273743016759777,0.9776536312849162,0.9503809411180753,0.972486424395703
RuleEngine,balanced_accuracy,10,0.9484407665505227,0.03043941630706298,0.9517566782810685,0.8817073170731707,0.9847560975609756,0.9266657198815491,0.9702158132194962
RuleEngine,mcc,10,0.7953546196132202,0.06417053791926144,0.8048915796928311,0.6764188791054097,0.8648204955327312,0.7494497821528241,0.8412594570736163
RuleEngine,fpr,10,0.03597560975609756,0.017353962769216715,0.03353658536585366,0.012195121951219513,0.07317073170731707,0.023561332643180583,0.048389886869014534
RuleEngine,fnr,10,0.06714285714285714,0.0628719719560852,0.06666666666666667,0.0,0.2,0.022166957812077635,0.11211875647363664
RuleEngine,specificity,10,0.9640243902439023,0.017353962769216705,0.9664634146341463,0.926829268292683,0.9878048780487805,0.9516101131309853,0.9764386673568193
RuleEngine,roc_auc,10,0.9528455284552846,0.031154116052006353,0.9536585365853658,0.8853658536585366,0.991869918699187,0.9305592163880703,0.9751318405224989
RuleEngine,pr_auc,10,0.7403173057814314,0.0795572940137438,0.7414406390845546,0.6167597765363129,0.8666666666666667,0.6834054460883612,0.7972291654745016
GraphSAGE,precision,10,0.3415584415584415,0.3093493556410809,0.2792207792207792,0.0,1.0,0.1202632436430191,0.5628536394738639
GraphSAGE,recall,10,0.5016666666666666,0.3636619309193636,0.5,0.0,1.0,0.24151859294487305,0.7618147403884601
GraphSAGE,f1,10,0.322436974789916,0.19421258413702713,0.3764705882352941,0.0,0.5714285714285715,0.18350566150108488,0.46136828807874714
GraphSAGE,accuracy,10,0.8513513513513514,0.07564349380066064,0.8783783783783784,0.7027027027027027,0.9459459459459459,0.7972392556692997,0.9054634470334032
GraphSAGE,balanced_accuracy,10,0.6948679547576605,0.14279347978530202,0.7017992424242424,0.4861111111111111,0.9428571428571428,0.5927196528656622,0.7970162566496588
GraphSAGE,mcc,10,0.31205120932955066,0.19849133050263804,0.36685331565512236,-0.027777777777777776,0.5433581647846062,0.1700590652791829,0.4540433533799184
GraphSAGE,fpr,10,0.11193075715134537,0.1094568689182889,0.08839285714285713,0.0,0.3235294117647059,0.03363003006472161,0.19023148423796915
GraphSAGE,fnr,10,0.49833333333333335,0.36366193091936366,0.5,0.0,1.0,0.23818525961153975,0.7584814070551269
GraphSAGE,specificity,10,0.8880692428486545,0.10945686891828887,0.9116071428571428,0.6764705882352942,1.0,0.8097685157620308,0.9663699699352782
GraphSAGE,roc_auc,10,0.8289261310584839,0.1594828918073428,0.8737132352941177,0.53125,1.0,0.7148389430199289,0.9430133190970389
GraphSAGE,pr_auc,10,0.5908933431632672,0.2445198265731673,0.5276875901875901,0.19166666666666665,1.0,0.41597439657740276,0.7658122897491317
