slide,section,claim,value,layer,source_artifact
3,Introduction,nodes are process/file/network; edges spawn/execute/read/write/connect/delete,n/a,method,src/graph_construction/schema.py
3,Introduction,15 deterministic invariants,15,method,src/detection/rule_engine.py
7,Methodology,synthetic graph size,80 nodes / 179 edges,ORIGINAL+CORRECTED,verified_numbers.json synthetic.clean_nodes/clean_edges
7,Methodology,DARPA Theia-3 loaded edges (50k cap),50000,CORRECTED,verified_numbers.json real_theia.theia3.n_edges_loaded
7,Methodology,DARPA Theia-3 nodes,4534,CORRECTED,verified_numbers.json real_theia.theia3.graph_nodes
7,Methodology,DARPA Theia-5m loaded edges (50k cap),50000,CORRECTED,verified_numbers.json real_theia.theia5m.n_edges_loaded
7,Methodology,DARPA 1r / 6r,unavailable (not reported),CORRECTED,audit/darpa_audit.md
7,Methodology,pytest,98 passed / 5 failed,ORIGINAL,pytest -q run
7,Methodology,GraphSAGE training epochs/lr/hidden,30 / 0.01 / 64,ORIGINAL,scripts/run_graphsage.py
7,Methodology,corrected split,60/20/20 train/val/test,CORRECTED,audit/experiments/corrected/harness.py
9,Algorithms,rule groups,Structural 6 / Temporal 4 / Semantic 5,method,src/detection/rule_engine.py
9,Algorithms,violation score = number of rules broken,continuous,method,src/detection/rule_engine.py
10,Results,Synthetic RE ORIGINAL seed42,P 0.8125 / R 0.6500 / F1 0.7222,ORIGINAL,results/summary.md
10,Results,Synthetic GS ORIGINAL seed42 (leaky),P 0.7000 / R 0.4667 / F1 0.5600,ORIGINAL,results/threshold_metrics.md
10,Results,Synthetic RE CORRECTED 10-seed,P 0.7146+-0.0948 / R 0.9329+-0.0629 / F1 0.8048+-0.0627,CORRECTED,verified_numbers.json synthetic.RuleEngine.*
10,Results,Synthetic GS CORRECTED 10-seed,P 0.3416+-0.3093 / R 0.5017+-0.3637 / F1 0.3224+-0.1942,CORRECTED,verified_numbers.json synthetic.GraphSAGE.*
10,Results,DARPA Theia-3 RE,P 0.9195+-0.0070 / R 0.7667+-0.0720 / F1 0.8347+-0.0459,CORRECTED,verified_numbers.json real_theia.theia3.RuleEngine.*
10,Results,DARPA Theia-5m RE F1,0.8504+-0.0599,CORRECTED,verified_numbers.json real_theia.theia5m.RuleEngine.f1
10,Results,paired RE-GS F1 diff,+0.4824 (CI 0.3285-0.6363; p=0.001953; dz=2.24),CORRECTED,verified_numbers.json synthetic.paired_f1
10,Results,paired RE-GS ROC-AUC diff,"+0.1239 (p=0.1055, NOT significant)",CORRECTED,verified_numbers.json synthetic.paired_roc_auc
10,Results,Rule Engine ROC-AUC CORRECTED,0.9528+-0.0312,CORRECTED,verified_numbers.json synthetic.RuleEngine.roc_auc
10,Results,Rule Engine ROC-AUC template (retracted),1.0000,RETRACTED,src/eval/robustness.py getattr fallback
10,Results,mimicry heavy RE CORRECTED,P 0.7146 / R 0.9329 / F1 0.8048 (unchanged none->heavy),CORRECTED,verified_numbers.json mimicry.heavy.RuleEngine.*
10,Results,mimicry heavy RE ORIGINAL generator,P 0.0464 / R 0.9000 / F1 0.0882,ORIGINAL,results/mimicry_results.md
10,Results,scalability 1M corrected,inference 34.48s / ~971MB / end-to-end 187.17s / 29007 eps,CORRECTED,verified_numbers.json scalability.1000000.*
10,Results,scalability 1M template (retracted),15.26s / 364MB,RETRACTED,template slide 10
